<?xml version="1.0" encoding="UTF-8" ?>
<!-- This is a WordPress eXtended RSS file generated by WordPress as an export of your site. -->
<!-- It contains information about your site's posts, pages, comments, categories, and other content. -->
<!-- You may use this file to transfer that content from one site to another. -->
<!-- This file is not intended to serve as a complete backup of your site. -->

<!-- To import this information into a WordPress site follow these steps: -->
<!-- 1. Log in to that site as an administrator. -->
<!-- 2. Go to Tools: Import in the WordPress admin panel. -->
<!-- 3. Install the "WordPress" importer from the list. -->
<!-- 4. Activate & Run Importer. -->
<!-- 5. Upload this file using the form provided on that page. -->
<!-- 6. You will first be asked to map the authors in this export file to users -->
<!--    on the site. For each author, you may choose to map to an -->
<!--    existing user on the site or to create a new user. -->
<!-- 7. WordPress will then import each of the posts, pages, comments, categories, etc. -->
<!--    contained in this file into your site. -->

<!-- generator="WordPress/3.3.1" created="2012-01-25 23:37" -->
<rss version="2.0"
	xmlns:excerpt="http://wordpress.org/export/1.1/excerpt/"
	xmlns:content="http://purl.org/rss/1.0/modules/content/"
	xmlns:wfw="http://wellformedweb.org/CommentAPI/"
	xmlns:dc="http://purl.org/dc/elements/1.1/"
	xmlns:wp="http://wordpress.org/export/1.1/"
>

<channel>
	<title>Trans Planet Airlines</title>
	<link>http://localhost/dw_wp_sites</link>
	<description>Just another WordPress site</description>
	<pubDate>Wed, 25 Jan 2012 23:37:09 +0000</pubDate>
	<language>en</language>
	<wp:wxr_version>1.1</wp:wxr_version>
	<wp:base_site_url>http://localhost/dw_wp_sites</wp:base_site_url>
	<wp:base_blog_url>http://localhost/dw_wp_sites</wp:base_blog_url>

	<wp:author><wp:author_id>1</wp:author_id><wp:author_login>admin</wp:author_login><wp:author_email>jlowery@idest.com</wp:author_email><wp:author_display_name><![CDATA[admin]]></wp:author_display_name><wp:author_first_name><![CDATA[]]></wp:author_first_name><wp:author_last_name><![CDATA[]]></wp:author_last_name></wp:author>
	<wp:author><wp:author_id>2</wp:author_id><wp:author_login>joeeditor</wp:author_login><wp:author_email>joeed@idest.com</wp:author_email><wp:author_display_name><![CDATA[joeeditor]]></wp:author_display_name><wp:author_first_name><![CDATA[Joey]]></wp:author_first_name><wp:author_last_name><![CDATA[Editor]]></wp:author_last_name></wp:author>

	<wp:category><wp:term_id>1</wp:term_id><wp:category_nicename>uncategorized</wp:category_nicename><wp:category_parent></wp:category_parent><wp:cat_name><![CDATA[Uncategorized]]></wp:cat_name></wp:category>
	<wp:category><wp:term_id>4</wp:term_id><wp:category_nicename>working-the-future</wp:category_nicename><wp:category_parent></wp:category_parent><wp:cat_name><![CDATA[Working the future]]></wp:cat_name></wp:category>
	<wp:term><wp:term_id>3</wp:term_id><wp:term_taxonomy>nav_menu</wp:term_taxonomy><wp:term_slug>main</wp:term_slug><wp:term_name><![CDATA[Main]]></wp:term_name></wp:term>
	<wp:term><wp:term_id>5</wp:term_id><wp:term_taxonomy>nav_menu</wp:term_taxonomy><wp:term_slug>explorers</wp:term_slug><wp:term_name><![CDATA[Explorers]]></wp:term_name></wp:term>

	<generator>http://wordpress.org/?v=3.3.1</generator>

	<item>
		<title>Sample Page</title>
		<link>http://localhost/dw_wp_sites/?page_id=6</link>
		<pubDate>Tue, 24 Jan 2012 22:54:33 +0000</pubDate>
		<dc:creator>admin</dc:creator>
		<guid isPermaLink="false">http://localhost/DW_WP_Sites/?page_id=2</guid>
		<description></description>
		<content:encoded><![CDATA[This is an example page. It's different from a blog post because it will stay in one place and will show up in your site navigation (in most themes). Most people start with an About page that introduces them to potential site visitors. It might say something like this:

<blockquote>Hi there! I'm a bike messenger by day, aspiring actor by night, and this is my blog. I live in Los Angeles, have a great dog named Jack, and I like pi&#241;a coladas. (And gettin' caught in the rain.)</blockquote>

...or something like this:

<blockquote>The XYZ Doohickey Company was founded in 1971, and has been providing quality doohickies to the public ever since. Located in Gotham City, XYZ employs over 2,000 people and does all kinds of awesome things for the Gotham community.</blockquote>

As a new WordPress user, you should go to <a href="http://localhost/DW_WP_Sites/wp-admin/">your dashboard</a> to delete this page and create new pages for your content. Have fun!]]></content:encoded>
		<excerpt:encoded><![CDATA[]]></excerpt:encoded>
		<wp:post_id>6</wp:post_id>
		<wp:post_date>2012-01-24 22:54:33</wp:post_date>
		<wp:post_date_gmt>2012-01-24 22:54:33</wp:post_date_gmt>
		<wp:comment_status>open</wp:comment_status>
		<wp:ping_status>open</wp:ping_status>
		<wp:post_name>sample-page-2</wp:post_name>
		<wp:status>trash</wp:status>
		<wp:post_parent>0</wp:post_parent>
		<wp:menu_order>0</wp:menu_order>
		<wp:post_type>page</wp:post_type>
		<wp:post_password></wp:post_password>
		<wp:is_sticky>0</wp:is_sticky>
		<wp:postmeta>
			<wp:meta_key>_wp_page_template</wp:meta_key>
			<wp:meta_value><![CDATA[default]]></wp:meta_value>
		</wp:postmeta>
		<wp:postmeta>
			<wp:meta_key>_wp_trash_meta_status</wp:meta_key>
			<wp:meta_value><![CDATA[publish]]></wp:meta_value>
		</wp:postmeta>
		<wp:postmeta>
			<wp:meta_key>_wp_trash_meta_time</wp:meta_key>
			<wp:meta_value><![CDATA[1327514134]]></wp:meta_value>
		</wp:postmeta>
	</item>
	<item>
		<title>Disclaimer</title>
		<link>http://localhost/dw_wp_sites/?page_id=7</link>
		<pubDate>Tue, 24 Jan 2012 23:39:04 +0000</pubDate>
		<dc:creator>admin</dc:creator>
		<guid isPermaLink="false">http://localhost/DW_WP_Sites/?page_id=6</guid>
		<description></description>
		<content:encoded><![CDATA[Lorem ipsum dolor sit amet, consectetur adipiscing elit. Duis id tellus at tellus aliquam eleifend. Sed mauris lectus, viverra ac tristique sit amet, sollicitudin non odio. Maecenas a nulla at libero feugiat pellentesque at sed nibh. Praesent eget turpis non orci luctus lobortis quis vitae nisl. Praesent massa eros, cursus ut dapibus in, aliquet non velit. Duis sapien augue, pharetra ac suscipit aliquam, pulvinar ut lacus. In hac habitasse platea dictumst. Nulla et sapien quis magna fringilla varius. Integer hendrerit consequat arcu, nec scelerisque est tincidunt eu. Donec ac erat consequat mauris condimentum mattis. Pellentesque habitant morbi tristique senectus et netus et malesuada fames ac turpis egestas. Proin ut lacus ipsum. Maecenas varius imperdiet elementum.

Proin vitae lacinia urna. Vestibulum ante ipsum primis in faucibus orci luctus et ultrices posuere cubilia Curae; Cras cursus malesuada elit, convallis cursus ligula dignissim in. Maecenas nibh metus, dignissim eget condimentum in, pharetra quis dolor. Vivamus sit amet neque massa, id rhoncus tortor. Ut consequat tellus ultricies nunc placerat vel fringilla est pellentesque. Nulla fringilla gravida nulla, ac dignissim turpis commodo et. Donec vehicula, lectus nec accumsan semper, odio dolor rutrum turpis, eget varius orci ipsum vel sem. Sed non est diam, at suscipit turpis. Nullam eget libero vel purus aliquet hendrerit id ac risus.]]></content:encoded>
		<excerpt:encoded><![CDATA[]]></excerpt:encoded>
		<wp:post_id>7</wp:post_id>
		<wp:post_date>2012-01-24 23:39:04</wp:post_date>
		<wp:post_date_gmt>2012-01-24 23:39:04</wp:post_date_gmt>
		<wp:comment_status>open</wp:comment_status>
		<wp:ping_status>open</wp:ping_status>
		<wp:post_name>disclaimer</wp:post_name>
		<wp:status>trash</wp:status>
		<wp:post_parent>0</wp:post_parent>
		<wp:menu_order>0</wp:menu_order>
		<wp:post_type>page</wp:post_type>
		<wp:post_password></wp:post_password>
		<wp:is_sticky>0</wp:is_sticky>
		<wp:postmeta>
			<wp:meta_key>_edit_last</wp:meta_key>
			<wp:meta_value><![CDATA[1]]></wp:meta_value>
		</wp:postmeta>
		<wp:postmeta>
			<wp:meta_key>_wp_page_template</wp:meta_key>
			<wp:meta_value><![CDATA[default]]></wp:meta_value>
		</wp:postmeta>
		<wp:postmeta>
			<wp:meta_key>_scoper_custom</wp:meta_key>
			<wp:meta_value><![CDATA[1]]></wp:meta_value>
		</wp:postmeta>
		<wp:postmeta>
			<wp:meta_key>_wp_trash_meta_status</wp:meta_key>
			<wp:meta_value><![CDATA[publish]]></wp:meta_value>
		</wp:postmeta>
		<wp:postmeta>
			<wp:meta_key>_wp_trash_meta_time</wp:meta_key>
			<wp:meta_value><![CDATA[1327513993]]></wp:meta_value>
		</wp:postmeta>
	</item>
	<item>
		<title>Test page</title>
		<link>http://localhost/dw_wp_sites/?page_id=27</link>
		<pubDate>Sun, 27 Nov 2011 18:51:35 +0000</pubDate>
		<dc:creator>admin</dc:creator>
		<guid isPermaLink="false">http://localhost/dw_wp_sites/?page_id=27</guid>
		<description></description>
		<content:encoded><![CDATA[Something]]></content:encoded>
		<excerpt:encoded><![CDATA[]]></excerpt:encoded>
		<wp:post_id>27</wp:post_id>
		<wp:post_date>2011-11-27 18:51:35</wp:post_date>
		<wp:post_date_gmt>2011-11-27 18:51:35</wp:post_date_gmt>
		<wp:comment_status>closed</wp:comment_status>
		<wp:ping_status>closed</wp:ping_status>
		<wp:post_name>test-page</wp:post_name>
		<wp:status>trash</wp:status>
		<wp:post_parent>0</wp:post_parent>
		<wp:menu_order>0</wp:menu_order>
		<wp:post_type>page</wp:post_type>
		<wp:post_password></wp:post_password>
		<wp:is_sticky>0</wp:is_sticky>
		<wp:postmeta>
			<wp:meta_key>_edit_last</wp:meta_key>
			<wp:meta_value><![CDATA[1]]></wp:meta_value>
		</wp:postmeta>
		<wp:postmeta>
			<wp:meta_key>_wp_page_template</wp:meta_key>
			<wp:meta_value><![CDATA[default]]></wp:meta_value>
		</wp:postmeta>
		<wp:postmeta>
			<wp:meta_key>_wp_trash_meta_status</wp:meta_key>
			<wp:meta_value><![CDATA[publish]]></wp:meta_value>
		</wp:postmeta>
		<wp:postmeta>
			<wp:meta_key>_wp_trash_meta_time</wp:meta_key>
			<wp:meta_value><![CDATA[1327514136]]></wp:meta_value>
		</wp:postmeta>
	</item>
	<item>
		<title>Working the Future</title>
		<link>http://localhost/dw_wp_sites/?page_id=34</link>
		<pubDate>Mon, 28 Nov 2011 17:52:38 +0000</pubDate>
		<dc:creator>joeeditor</dc:creator>
		<guid isPermaLink="false">http://localhost/dw_wp_sites/?page_id=34</guid>
		<description></description>
		<content:encoded><![CDATA[[catlist id=4 content=yes numberofposts=5] ]]></content:encoded>
		<excerpt:encoded><![CDATA[]]></excerpt:encoded>
		<wp:post_id>34</wp:post_id>
		<wp:post_date>2011-11-28 17:52:38</wp:post_date>
		<wp:post_date_gmt>2011-11-28 17:52:38</wp:post_date_gmt>
		<wp:comment_status>open</wp:comment_status>
		<wp:ping_status>open</wp:ping_status>
		<wp:post_name>working-the-future</wp:post_name>
		<wp:status>trash</wp:status>
		<wp:post_parent>0</wp:post_parent>
		<wp:menu_order>0</wp:menu_order>
		<wp:post_type>page</wp:post_type>
		<wp:post_password></wp:post_password>
		<wp:is_sticky>0</wp:is_sticky>
		<wp:postmeta>
			<wp:meta_key>_edit_last</wp:meta_key>
			<wp:meta_value><![CDATA[1]]></wp:meta_value>
		</wp:postmeta>
		<wp:postmeta>
			<wp:meta_key>_wp_page_template</wp:meta_key>
			<wp:meta_value><![CDATA[working_future.php]]></wp:meta_value>
		</wp:postmeta>
		<wp:postmeta>
			<wp:meta_key>_wp_trash_meta_status</wp:meta_key>
			<wp:meta_value><![CDATA[publish]]></wp:meta_value>
		</wp:postmeta>
		<wp:postmeta>
			<wp:meta_key>_wp_trash_meta_time</wp:meta_key>
			<wp:meta_value><![CDATA[1327514297]]></wp:meta_value>
		</wp:postmeta>
	</item>
	<item>
		<title>Membership Benefits</title>
		<link>http://localhost/dw_wp_sites/?page_id=51</link>
		<pubDate>Thu, 29 Dec 2011 17:42:04 +0000</pubDate>
		<dc:creator>admin</dc:creator>
		<guid isPermaLink="false">http://localhost/dw_wp_sites/?page_id=51</guid>
		<description></description>
		<content:encoded><![CDATA[content]]></content:encoded>
		<excerpt:encoded><![CDATA[]]></excerpt:encoded>
		<wp:post_id>51</wp:post_id>
		<wp:post_date>2011-12-29 17:42:04</wp:post_date>
		<wp:post_date_gmt>2011-12-29 17:42:04</wp:post_date_gmt>
		<wp:comment_status>open</wp:comment_status>
		<wp:ping_status>open</wp:ping_status>
		<wp:post_name>membership-benefits</wp:post_name>
		<wp:status>trash</wp:status>
		<wp:post_parent>53</wp:post_parent>
		<wp:menu_order>0</wp:menu_order>
		<wp:post_type>page</wp:post_type>
		<wp:post_password></wp:post_password>
		<wp:is_sticky>0</wp:is_sticky>
		<wp:postmeta>
			<wp:meta_key>_wp_page_template</wp:meta_key>
			<wp:meta_value><![CDATA[explorers.php]]></wp:meta_value>
		</wp:postmeta>
		<wp:postmeta>
			<wp:meta_key>_edit_last</wp:meta_key>
			<wp:meta_value><![CDATA[1]]></wp:meta_value>
		</wp:postmeta>
		<wp:postmeta>
			<wp:meta_key>_scoper_last_parent</wp:meta_key>
			<wp:meta_value><![CDATA[53]]></wp:meta_value>
		</wp:postmeta>
		<wp:postmeta>
			<wp:meta_key>_wp_trash_meta_status</wp:meta_key>
			<wp:meta_value><![CDATA[publish]]></wp:meta_value>
		</wp:postmeta>
		<wp:postmeta>
			<wp:meta_key>_wp_trash_meta_time</wp:meta_key>
			<wp:meta_value><![CDATA[1327514694]]></wp:meta_value>
		</wp:postmeta>
	</item>
	<item>
		<title>Welcome</title>
		<link>http://localhost/dw_wp_sites/?page_id=53</link>
		<pubDate>Thu, 29 Dec 2011 17:42:49 +0000</pubDate>
		<dc:creator>admin</dc:creator>
		<guid isPermaLink="false">http://localhost/dw_wp_sites/?page_id=53</guid>
		<description></description>
		<content:encoded><![CDATA[Main intro page
<ul>
	<li>Lorem ipsum dolor sit amet, morbi a nulla ligula, orci eu molestie odio nec, felis mollis nulla risus.</li>
	<li>Lacinia gravida lacus integer, sociosqu fames lacinia leo ligula.</li>
	<li>Fusce fermentum ullamcorper in nec, pharetra ipsum tellus tellus nonummy, urna ligula magna tellus.</li>
	<li>Imperdiet ornare magna sed sit, auctor adipiscing nec proin, sollicitudin tellus ac diam, suspendisse aliquam libero lectus donec.</li>
</ul>]]></content:encoded>
		<excerpt:encoded><![CDATA[]]></excerpt:encoded>
		<wp:post_id>53</wp:post_id>
		<wp:post_date>2011-12-29 17:42:49</wp:post_date>
		<wp:post_date_gmt>2011-12-29 17:42:49</wp:post_date_gmt>
		<wp:comment_status>open</wp:comment_status>
		<wp:ping_status>open</wp:ping_status>
		<wp:post_name>welcome-to-explorers</wp:post_name>
		<wp:status>trash</wp:status>
		<wp:post_parent>0</wp:post_parent>
		<wp:menu_order>0</wp:menu_order>
		<wp:post_type>page</wp:post_type>
		<wp:post_password></wp:post_password>
		<wp:is_sticky>0</wp:is_sticky>
		<wp:postmeta>
			<wp:meta_key>_edit_last</wp:meta_key>
			<wp:meta_value><![CDATA[1]]></wp:meta_value>
		</wp:postmeta>
		<wp:postmeta>
			<wp:meta_key>_wp_page_template</wp:meta_key>
			<wp:meta_value><![CDATA[explorers.php]]></wp:meta_value>
		</wp:postmeta>
		<wp:postmeta>
			<wp:meta_key>_wp_trash_meta_status</wp:meta_key>
			<wp:meta_value><![CDATA[publish]]></wp:meta_value>
		</wp:postmeta>
		<wp:postmeta>
			<wp:meta_key>_wp_trash_meta_time</wp:meta_key>
			<wp:meta_value><![CDATA[1327514333]]></wp:meta_value>
		</wp:postmeta>
	</item>
	<item>
		<title>Planets</title>
		<link>http://localhost/dw_wp_sites/?page_id=54</link>
		<pubDate>Mon, 07 Nov 2011 16:42:34 +0000</pubDate>
		<dc:creator>admin</dc:creator>
		<guid isPermaLink="false">http://localhost/dw_wp_sites/?page_id=2</guid>
		<description></description>
		<content:encoded><![CDATA[This is an example page. It's different from a blog post because it will stay in one place and will show up in your site navigation (in most themes). Most people start with an About page that introduces them to potential site visitors. It might say something like this:
<blockquote>Hi there! I'm a bike messenger by day, aspiring actor by night, and this is my blog. I live in Los Angeles, have a great dog named Jack, and I like piña coladas. (And gettin' caught in the rain.)</blockquote>
...or something like this:
<blockquote>The XYZ Doohickey Company was founded in 1971, and has been providing quality doohickies to the public ever since. Located in Gotham City, XYZ employs over 2,000 people and does all kinds of awesome things for the Gotham community.</blockquote>
As a new WordPress user, you should go to <a href="http://localhost/dw_wp_sites/wp-admin/">your dashboard</a> to delete this page and create new pages for your content. Have fun!]]></content:encoded>
		<excerpt:encoded><![CDATA[]]></excerpt:encoded>
		<wp:post_id>54</wp:post_id>
		<wp:post_date>2011-11-07 16:42:34</wp:post_date>
		<wp:post_date_gmt>2011-11-07 16:42:34</wp:post_date_gmt>
		<wp:comment_status>closed</wp:comment_status>
		<wp:ping_status>closed</wp:ping_status>
		<wp:post_name>planets</wp:post_name>
		<wp:status>publish</wp:status>
		<wp:post_parent>0</wp:post_parent>
		<wp:menu_order>0</wp:menu_order>
		<wp:post_type>page</wp:post_type>
		<wp:post_password></wp:post_password>
		<wp:is_sticky>0</wp:is_sticky>
		<wp:postmeta>
			<wp:meta_key>_wp_page_template</wp:meta_key>
			<wp:meta_value><![CDATA[default]]></wp:meta_value>
		</wp:postmeta>
		<wp:postmeta>
			<wp:meta_key>_edit_last</wp:meta_key>
			<wp:meta_value><![CDATA[1]]></wp:meta_value>
		</wp:postmeta>
	</item>
	<item>
		<title>Disclaimer</title>
		<link>http://localhost/dw_wp_sites/?page_id=56</link>
		<pubDate>Tue, 08 Nov 2011 17:29:56 +0000</pubDate>
		<dc:creator>admin</dc:creator>
		<guid isPermaLink="false">http://localhost/dw_wp_sites/?page_id=11</guid>
		<description></description>
		<content:encoded><![CDATA[Dummy text]]></content:encoded>
		<excerpt:encoded><![CDATA[]]></excerpt:encoded>
		<wp:post_id>56</wp:post_id>
		<wp:post_date>2011-11-08 17:29:56</wp:post_date>
		<wp:post_date_gmt>2011-11-08 17:29:56</wp:post_date_gmt>
		<wp:comment_status>open</wp:comment_status>
		<wp:ping_status>open</wp:ping_status>
		<wp:post_name>disclaimer-2</wp:post_name>
		<wp:status>trash</wp:status>
		<wp:post_parent>0</wp:post_parent>
		<wp:menu_order>0</wp:menu_order>
		<wp:post_type>page</wp:post_type>
		<wp:post_password></wp:post_password>
		<wp:is_sticky>0</wp:is_sticky>
		<wp:postmeta>
			<wp:meta_key>_edit_last</wp:meta_key>
			<wp:meta_value><![CDATA[1]]></wp:meta_value>
		</wp:postmeta>
		<wp:postmeta>
			<wp:meta_key>_scoper_custom</wp:meta_key>
			<wp:meta_value><![CDATA[1]]></wp:meta_value>
		</wp:postmeta>
		<wp:postmeta>
			<wp:meta_key>_wp_trash_meta_status</wp:meta_key>
			<wp:meta_value><![CDATA[publish]]></wp:meta_value>
		</wp:postmeta>
		<wp:postmeta>
			<wp:meta_key>_wp_trash_meta_time</wp:meta_key>
			<wp:meta_value><![CDATA[1327514126]]></wp:meta_value>
		</wp:postmeta>
	</item>
	<item>
		<title></title>
		<link>http://localhost/dw_wp_sites/?p=57</link>
		<pubDate>Wed, 25 Jan 2012 19:10:22 +0000</pubDate>
		<dc:creator>admin</dc:creator>
		<guid isPermaLink="false">http://localhost/dw_wp_sites/?p=57</guid>
		<description></description>
		<content:encoded><![CDATA[ ]]></content:encoded>
		<excerpt:encoded><![CDATA[]]></excerpt:encoded>
		<wp:post_id>57</wp:post_id>
		<wp:post_date>2012-01-25 19:10:22</wp:post_date>
		<wp:post_date_gmt>2012-01-25 19:10:22</wp:post_date_gmt>
		<wp:comment_status>open</wp:comment_status>
		<wp:ping_status>open</wp:ping_status>
		<wp:post_name>57</wp:post_name>
		<wp:status>publish</wp:status>
		<wp:post_parent>0</wp:post_parent>
		<wp:menu_order>1</wp:menu_order>
		<wp:post_type>nav_menu_item</wp:post_type>
		<wp:post_password></wp:post_password>
		<wp:is_sticky>0</wp:is_sticky>
		<category domain="nav_menu" nicename="main"><![CDATA[Main]]></category>
		<wp:postmeta>
			<wp:meta_key>_menu_item_type</wp:meta_key>
			<wp:meta_value><![CDATA[post_type]]></wp:meta_value>
		</wp:postmeta>
		<wp:postmeta>
			<wp:meta_key>_menu_item_menu_item_parent</wp:meta_key>
			<wp:meta_value><![CDATA[0]]></wp:meta_value>
		</wp:postmeta>
		<wp:postmeta>
			<wp:meta_key>_menu_item_object_id</wp:meta_key>
			<wp:meta_value><![CDATA[54]]></wp:meta_value>
		</wp:postmeta>
		<wp:postmeta>
			<wp:meta_key>_menu_item_object</wp:meta_key>
			<wp:meta_value><![CDATA[page]]></wp:meta_value>
		</wp:postmeta>
		<wp:postmeta>
			<wp:meta_key>_menu_item_target</wp:meta_key>
			<wp:meta_value><![CDATA[]]></wp:meta_value>
		</wp:postmeta>
		<wp:postmeta>
			<wp:meta_key>_menu_item_classes</wp:meta_key>
			<wp:meta_value><![CDATA[a:1:{i:0;s:0:"";}]]></wp:meta_value>
		</wp:postmeta>
		<wp:postmeta>
			<wp:meta_key>_menu_item_xfn</wp:meta_key>
			<wp:meta_value><![CDATA[]]></wp:meta_value>
		</wp:postmeta>
		<wp:postmeta>
			<wp:meta_key>_menu_item_url</wp:meta_key>
			<wp:meta_value><![CDATA[]]></wp:meta_value>
		</wp:postmeta>
	</item>
	<item>
		<title>The Planet Low-down</title>
		<link>http://localhost/dw_wp_sites/?page_id=75</link>
		<pubDate>Wed, 04 Jan 2012 18:29:32 +0000</pubDate>
		<dc:creator>admin</dc:creator>
		<guid isPermaLink="false">http://localhost/dw_wp_sites/?page_id=75</guid>
		<description></description>
		<content:encoded><![CDATA[More intro info.]]></content:encoded>
		<excerpt:encoded><![CDATA[]]></excerpt:encoded>
		<wp:post_id>75</wp:post_id>
		<wp:post_date>2012-01-04 18:29:32</wp:post_date>
		<wp:post_date_gmt>2012-01-04 18:29:32</wp:post_date_gmt>
		<wp:comment_status>open</wp:comment_status>
		<wp:ping_status>open</wp:ping_status>
		<wp:post_name>the-planet-low-down</wp:post_name>
		<wp:status>publish</wp:status>
		<wp:post_parent>0</wp:post_parent>
		<wp:menu_order>0</wp:menu_order>
		<wp:post_type>page</wp:post_type>
		<wp:post_password></wp:post_password>
		<wp:is_sticky>0</wp:is_sticky>
		<wp:postmeta>
			<wp:meta_key>_edit_last</wp:meta_key>
			<wp:meta_value><![CDATA[1]]></wp:meta_value>
		</wp:postmeta>
		<wp:postmeta>
			<wp:meta_key>_wp_page_template</wp:meta_key>
			<wp:meta_value><![CDATA[planet.php]]></wp:meta_value>
		</wp:postmeta>
	</item>
	<item>
		<title>All Planets</title>
		<link>http://localhost/dw_wp_sites/?page_id=78</link>
		<pubDate>Sun, 08 Jan 2012 22:19:59 +0000</pubDate>
		<dc:creator>admin</dc:creator>
		<guid isPermaLink="false">http://localhost/dw_wp_sites/?page_id=78</guid>
		<description></description>
		<content:encoded><![CDATA[]]></content:encoded>
		<excerpt:encoded><![CDATA[]]></excerpt:encoded>
		<wp:post_id>78</wp:post_id>
		<wp:post_date>2012-01-08 22:19:59</wp:post_date>
		<wp:post_date_gmt>2012-01-08 22:19:59</wp:post_date_gmt>
		<wp:comment_status>open</wp:comment_status>
		<wp:ping_status>open</wp:ping_status>
		<wp:post_name>all-planets</wp:post_name>
		<wp:status>publish</wp:status>
		<wp:post_parent>0</wp:post_parent>
		<wp:menu_order>0</wp:menu_order>
		<wp:post_type>page</wp:post_type>
		<wp:post_password></wp:post_password>
		<wp:is_sticky>0</wp:is_sticky>
		<wp:postmeta>
			<wp:meta_key>_edit_last</wp:meta_key>
			<wp:meta_value><![CDATA[1]]></wp:meta_value>
		</wp:postmeta>
		<wp:postmeta>
			<wp:meta_key>_wp_page_template</wp:meta_key>
			<wp:meta_value><![CDATA[planets.php]]></wp:meta_value>
		</wp:postmeta>
	</item>
	<item>
		<title>Disclaimer</title>
		<link>http://localhost/dw_wp_sites/?page_id=93</link>
		<pubDate>Wed, 25 Jan 2012 19:32:41 +0000</pubDate>
		<dc:creator>admin</dc:creator>
		<guid isPermaLink="false">http://localhost/dw_wp_sites/?page_id=93</guid>
		<description></description>
		<content:encoded><![CDATA[Lorem ipsum dolor sit amet, consectetur adipiscing elit. Duis id tellus at tellus aliquam eleifend. Sed mauris lectus, viverra ac tristique sit amet, sollicitudin non odio. Maecenas a nulla at libero feugiat pellentesque at sed nibh. Praesent eget turpis non orci luctus lobortis quis vitae nisl. Praesent massa eros, cursus ut dapibus in, aliquet non velit. Duis sapien augue, pharetra ac suscipit aliquam, pulvinar ut lacus. In hac habitasse platea dictumst. Nulla et sapien quis magna fringilla varius. Integer hendrerit consequat arcu, nec scelerisque est tincidunt eu. Donec ac erat consequat mauris condimentum mattis. Pellentesque habitant morbi tristique senectus et netus et malesuada fames ac turpis egestas. Proin ut lacus ipsum. Maecenas varius imperdiet elementum.

Proin vitae lacinia urna. Vestibulum ante ipsum primis in faucibus orci luctus et ultrices posuere cubilia Curae; Cras cursus malesuada elit, convallis cursus ligula dignissim in. Maecenas nibh metus, dignissim eget condimentum in, pharetra quis dolor. Vivamus sit amet neque massa, id rhoncus tortor. Ut consequat tellus ultricies nunc placerat vel fringilla est pellentesque. Nulla fringilla gravida nulla, ac dignissim turpis commodo et. Donec vehicula, lectus nec accumsan semper, odio dolor rutrum turpis, eget varius orci ipsum vel sem. Sed non est diam, at suscipit turpis. Nullam eget libero vel purus aliquet hendrerit id ac risus.]]></content:encoded>
		<excerpt:encoded><![CDATA[]]></excerpt:encoded>
		<wp:post_id>93</wp:post_id>
		<wp:post_date>2012-01-25 19:32:41</wp:post_date>
		<wp:post_date_gmt>2012-01-25 19:32:41</wp:post_date_gmt>
		<wp:comment_status>open</wp:comment_status>
		<wp:ping_status>open</wp:ping_status>
		<wp:post_name>disclaimer-3</wp:post_name>
		<wp:status>publish</wp:status>
		<wp:post_parent>0</wp:post_parent>
		<wp:menu_order>0</wp:menu_order>
		<wp:post_type>page</wp:post_type>
		<wp:post_password></wp:post_password>
		<wp:is_sticky>0</wp:is_sticky>
		<wp:postmeta>
			<wp:meta_key>_edit_last</wp:meta_key>
			<wp:meta_value><![CDATA[1]]></wp:meta_value>
		</wp:postmeta>
		<wp:postmeta>
			<wp:meta_key>_wp_page_template</wp:meta_key>
			<wp:meta_value><![CDATA[default]]></wp:meta_value>
		</wp:postmeta>
		<wp:postmeta>
			<wp:meta_key>_scoper_custom</wp:meta_key>
			<wp:meta_value><![CDATA[1]]></wp:meta_value>
		</wp:postmeta>
	</item>
	<item>
		<title>Saturn Ring Organizer</title>
		<link>http://localhost/dw_wp_sites/?page_id=106</link>
		<pubDate>Wed, 25 Jan 2012 21:44:49 +0000</pubDate>
		<dc:creator>admin</dc:creator>
		<guid isPermaLink="false">http://localhost/dw_wp_sites/?page_id=106</guid>
		<description></description>
		<content:encoded><![CDATA[There's plenty of work for Saturn ring organizers!]]></content:encoded>
		<excerpt:encoded><![CDATA[]]></excerpt:encoded>
		<wp:post_id>106</wp:post_id>
		<wp:post_date>2012-01-25 21:44:49</wp:post_date>
		<wp:post_date_gmt>2012-01-25 21:44:49</wp:post_date_gmt>
		<wp:comment_status>open</wp:comment_status>
		<wp:ping_status>closed</wp:ping_status>
		<wp:post_name>saturn-ring-organizer</wp:post_name>
		<wp:status>publish</wp:status>
		<wp:post_parent>0</wp:post_parent>
		<wp:menu_order>0</wp:menu_order>
		<wp:post_type>page</wp:post_type>
		<wp:post_password></wp:post_password>
		<wp:is_sticky>0</wp:is_sticky>
		<wp:postmeta>
			<wp:meta_key>_edit_last</wp:meta_key>
			<wp:meta_value><![CDATA[1]]></wp:meta_value>
		</wp:postmeta>
		<wp:postmeta>
			<wp:meta_key>_wp_page_template</wp:meta_key>
			<wp:meta_value><![CDATA[default]]></wp:meta_value>
		</wp:postmeta>
	</item>
	<item>
		<title>Working the Future</title>
		<link>http://localhost/dw_wp_sites/?page_id=107</link>
		<pubDate>Wed, 25 Jan 2012 21:47:33 +0000</pubDate>
		<dc:creator>admin</dc:creator>
		<guid isPermaLink="false">http://localhost/dw_wp_sites/?page_id=107</guid>
		<description></description>
		<content:encoded><![CDATA[[catlist id=4 content=yes] ]]></content:encoded>
		<excerpt:encoded><![CDATA[]]></excerpt:encoded>
		<wp:post_id>107</wp:post_id>
		<wp:post_date>2012-01-25 21:47:33</wp:post_date>
		<wp:post_date_gmt>2012-01-25 21:47:33</wp:post_date_gmt>
		<wp:comment_status>open</wp:comment_status>
		<wp:ping_status>open</wp:ping_status>
		<wp:post_name>working-the-future-2</wp:post_name>
		<wp:status>publish</wp:status>
		<wp:post_parent>0</wp:post_parent>
		<wp:menu_order>0</wp:menu_order>
		<wp:post_type>page</wp:post_type>
		<wp:post_password></wp:post_password>
		<wp:is_sticky>0</wp:is_sticky>
		<wp:postmeta>
			<wp:meta_key>_edit_last</wp:meta_key>
			<wp:meta_value><![CDATA[1]]></wp:meta_value>
		</wp:postmeta>
		<wp:postmeta>
			<wp:meta_key>_wp_page_template</wp:meta_key>
			<wp:meta_value><![CDATA[working_future.php]]></wp:meta_value>
		</wp:postmeta>
	</item>
	<item>
		<title>Working...</title>
		<link>http://localhost/dw_wp_sites/?p=112</link>
		<pubDate>Wed, 25 Jan 2012 21:50:31 +0000</pubDate>
		<dc:creator>admin</dc:creator>
		<guid isPermaLink="false">http://localhost/dw_wp_sites/?p=112</guid>
		<description></description>
		<content:encoded><![CDATA[]]></content:encoded>
		<excerpt:encoded><![CDATA[]]></excerpt:encoded>
		<wp:post_id>112</wp:post_id>
		<wp:post_date>2012-01-25 21:50:31</wp:post_date>
		<wp:post_date_gmt>2012-01-25 21:50:31</wp:post_date_gmt>
		<wp:comment_status>open</wp:comment_status>
		<wp:ping_status>open</wp:ping_status>
		<wp:post_name>working</wp:post_name>
		<wp:status>publish</wp:status>
		<wp:post_parent>0</wp:post_parent>
		<wp:menu_order>2</wp:menu_order>
		<wp:post_type>nav_menu_item</wp:post_type>
		<wp:post_password></wp:post_password>
		<wp:is_sticky>0</wp:is_sticky>
		<category domain="nav_menu" nicename="main"><![CDATA[Main]]></category>
		<wp:postmeta>
			<wp:meta_key>_menu_item_type</wp:meta_key>
			<wp:meta_value><![CDATA[post_type]]></wp:meta_value>
		</wp:postmeta>
		<wp:postmeta>
			<wp:meta_key>_menu_item_menu_item_parent</wp:meta_key>
			<wp:meta_value><![CDATA[0]]></wp:meta_value>
		</wp:postmeta>
		<wp:postmeta>
			<wp:meta_key>_menu_item_object_id</wp:meta_key>
			<wp:meta_value><![CDATA[107]]></wp:meta_value>
		</wp:postmeta>
		<wp:postmeta>
			<wp:meta_key>_menu_item_object</wp:meta_key>
			<wp:meta_value><![CDATA[page]]></wp:meta_value>
		</wp:postmeta>
		<wp:postmeta>
			<wp:meta_key>_menu_item_target</wp:meta_key>
			<wp:meta_value><![CDATA[]]></wp:meta_value>
		</wp:postmeta>
		<wp:postmeta>
			<wp:meta_key>_menu_item_classes</wp:meta_key>
			<wp:meta_value><![CDATA[a:1:{i:0;s:0:"";}]]></wp:meta_value>
		</wp:postmeta>
		<wp:postmeta>
			<wp:meta_key>_menu_item_xfn</wp:meta_key>
			<wp:meta_value><![CDATA[]]></wp:meta_value>
		</wp:postmeta>
		<wp:postmeta>
			<wp:meta_key>_menu_item_url</wp:meta_key>
			<wp:meta_value><![CDATA[]]></wp:meta_value>
		</wp:postmeta>
	</item>
	<item>
		<title>Welcome</title>
		<link>http://localhost/dw_wp_sites/?page_id=126</link>
		<pubDate>Wed, 25 Jan 2012 22:18:57 +0000</pubDate>
		<dc:creator>admin</dc:creator>
		<guid isPermaLink="false">http://localhost/dw_wp_sites/?page_id=126</guid>
		<description></description>
		<content:encoded><![CDATA[Welcome to TPA Explorers, where your space miles go further.]]></content:encoded>
		<excerpt:encoded><![CDATA[]]></excerpt:encoded>
		<wp:post_id>126</wp:post_id>
		<wp:post_date>2012-01-25 22:18:57</wp:post_date>
		<wp:post_date_gmt>2012-01-25 22:18:57</wp:post_date_gmt>
		<wp:comment_status>open</wp:comment_status>
		<wp:ping_status>open</wp:ping_status>
		<wp:post_name>welcome-3</wp:post_name>
		<wp:status>publish</wp:status>
		<wp:post_parent>0</wp:post_parent>
		<wp:menu_order>0</wp:menu_order>
		<wp:post_type>page</wp:post_type>
		<wp:post_password></wp:post_password>
		<wp:is_sticky>0</wp:is_sticky>
		<wp:postmeta>
			<wp:meta_key>_edit_last</wp:meta_key>
			<wp:meta_value><![CDATA[1]]></wp:meta_value>
		</wp:postmeta>
		<wp:postmeta>
			<wp:meta_key>_wp_page_template</wp:meta_key>
			<wp:meta_value><![CDATA[explorers.php]]></wp:meta_value>
		</wp:postmeta>
	</item>
	<item>
		<title>Explorers</title>
		<link>http://localhost/dw_wp_sites/?p=129</link>
		<pubDate>Wed, 25 Jan 2012 22:31:29 +0000</pubDate>
		<dc:creator>admin</dc:creator>
		<guid isPermaLink="false">http://localhost/dw_wp_sites/?p=129</guid>
		<description></description>
		<content:encoded><![CDATA[]]></content:encoded>
		<excerpt:encoded><![CDATA[]]></excerpt:encoded>
		<wp:post_id>129</wp:post_id>
		<wp:post_date>2012-01-25 22:31:29</wp:post_date>
		<wp:post_date_gmt>2012-01-25 22:31:29</wp:post_date_gmt>
		<wp:comment_status>open</wp:comment_status>
		<wp:ping_status>open</wp:ping_status>
		<wp:post_name>explorers</wp:post_name>
		<wp:status>publish</wp:status>
		<wp:post_parent>0</wp:post_parent>
		<wp:menu_order>3</wp:menu_order>
		<wp:post_type>nav_menu_item</wp:post_type>
		<wp:post_password></wp:post_password>
		<wp:is_sticky>0</wp:is_sticky>
		<category domain="nav_menu" nicename="main"><![CDATA[Main]]></category>
		<wp:postmeta>
			<wp:meta_key>_menu_item_type</wp:meta_key>
			<wp:meta_value><![CDATA[post_type]]></wp:meta_value>
		</wp:postmeta>
		<wp:postmeta>
			<wp:meta_key>_menu_item_menu_item_parent</wp:meta_key>
			<wp:meta_value><![CDATA[0]]></wp:meta_value>
		</wp:postmeta>
		<wp:postmeta>
			<wp:meta_key>_menu_item_object_id</wp:meta_key>
			<wp:meta_value><![CDATA[126]]></wp:meta_value>
		</wp:postmeta>
		<wp:postmeta>
			<wp:meta_key>_menu_item_object</wp:meta_key>
			<wp:meta_value><![CDATA[page]]></wp:meta_value>
		</wp:postmeta>
		<wp:postmeta>
			<wp:meta_key>_menu_item_target</wp:meta_key>
			<wp:meta_value><![CDATA[]]></wp:meta_value>
		</wp:postmeta>
		<wp:postmeta>
			<wp:meta_key>_menu_item_classes</wp:meta_key>
			<wp:meta_value><![CDATA[a:1:{i:0;s:0:"";}]]></wp:meta_value>
		</wp:postmeta>
		<wp:postmeta>
			<wp:meta_key>_menu_item_xfn</wp:meta_key>
			<wp:meta_value><![CDATA[]]></wp:meta_value>
		</wp:postmeta>
		<wp:postmeta>
			<wp:meta_key>_menu_item_url</wp:meta_key>
			<wp:meta_value><![CDATA[]]></wp:meta_value>
		</wp:postmeta>
	</item>
	<item>
		<title>Membership Benefits</title>
		<link>http://localhost/dw_wp_sites/?page_id=130</link>
		<pubDate>Wed, 25 Jan 2012 23:00:52 +0000</pubDate>
		<dc:creator>admin</dc:creator>
		<guid isPermaLink="false">http://localhost/dw_wp_sites/?page_id=130</guid>
		<description></description>
		<content:encoded><![CDATA[Some of the many benefits you'll receive when you join TPA Explorers:
<ul>
	<li>Antigrav Boots</li>
	<li>Window Seats</li>
	<li>Discounted Space Food</li>
</ul>]]></content:encoded>
		<excerpt:encoded><![CDATA[]]></excerpt:encoded>
		<wp:post_id>130</wp:post_id>
		<wp:post_date>2012-01-25 23:00:52</wp:post_date>
		<wp:post_date_gmt>2012-01-25 23:00:52</wp:post_date_gmt>
		<wp:comment_status>open</wp:comment_status>
		<wp:ping_status>open</wp:ping_status>
		<wp:post_name>membership-benefits</wp:post_name>
		<wp:status>publish</wp:status>
		<wp:post_parent>0</wp:post_parent>
		<wp:menu_order>0</wp:menu_order>
		<wp:post_type>page</wp:post_type>
		<wp:post_password></wp:post_password>
		<wp:is_sticky>0</wp:is_sticky>
		<wp:postmeta>
			<wp:meta_key>_edit_last</wp:meta_key>
			<wp:meta_value><![CDATA[1]]></wp:meta_value>
		</wp:postmeta>
		<wp:postmeta>
			<wp:meta_key>_wp_page_template</wp:meta_key>
			<wp:meta_value><![CDATA[explorers.php]]></wp:meta_value>
		</wp:postmeta>
	</item>
	<item>
		<title></title>
		<link>http://localhost/dw_wp_sites/?p=132</link>
		<pubDate>Wed, 25 Jan 2012 23:01:51 +0000</pubDate>
		<dc:creator>admin</dc:creator>
		<guid isPermaLink="false">http://localhost/dw_wp_sites/?p=132</guid>
		<description></description>
		<content:encoded><![CDATA[ ]]></content:encoded>
		<excerpt:encoded><![CDATA[]]></excerpt:encoded>
		<wp:post_id>132</wp:post_id>
		<wp:post_date>2012-01-25 23:01:51</wp:post_date>
		<wp:post_date_gmt>2012-01-25 23:01:51</wp:post_date_gmt>
		<wp:comment_status>open</wp:comment_status>
		<wp:ping_status>open</wp:ping_status>
		<wp:post_name>132</wp:post_name>
		<wp:status>publish</wp:status>
		<wp:post_parent>0</wp:post_parent>
		<wp:menu_order>2</wp:menu_order>
		<wp:post_type>nav_menu_item</wp:post_type>
		<wp:post_password></wp:post_password>
		<wp:is_sticky>0</wp:is_sticky>
		<category domain="nav_menu" nicename="explorers"><![CDATA[Explorers]]></category>
		<wp:postmeta>
			<wp:meta_key>_menu_item_type</wp:meta_key>
			<wp:meta_value><![CDATA[post_type]]></wp:meta_value>
		</wp:postmeta>
		<wp:postmeta>
			<wp:meta_key>_menu_item_menu_item_parent</wp:meta_key>
			<wp:meta_value><![CDATA[0]]></wp:meta_value>
		</wp:postmeta>
		<wp:postmeta>
			<wp:meta_key>_menu_item_object_id</wp:meta_key>
			<wp:meta_value><![CDATA[130]]></wp:meta_value>
		</wp:postmeta>
		<wp:postmeta>
			<wp:meta_key>_menu_item_object</wp:meta_key>
			<wp:meta_value><![CDATA[page]]></wp:meta_value>
		</wp:postmeta>
		<wp:postmeta>
			<wp:meta_key>_menu_item_target</wp:meta_key>
			<wp:meta_value><![CDATA[]]></wp:meta_value>
		</wp:postmeta>
		<wp:postmeta>
			<wp:meta_key>_menu_item_classes</wp:meta_key>
			<wp:meta_value><![CDATA[a:1:{i:0;s:0:"";}]]></wp:meta_value>
		</wp:postmeta>
		<wp:postmeta>
			<wp:meta_key>_menu_item_xfn</wp:meta_key>
			<wp:meta_value><![CDATA[]]></wp:meta_value>
		</wp:postmeta>
		<wp:postmeta>
			<wp:meta_key>_menu_item_url</wp:meta_key>
			<wp:meta_value><![CDATA[]]></wp:meta_value>
		</wp:postmeta>
	</item>
	<item>
		<title></title>
		<link>http://localhost/dw_wp_sites/?p=133</link>
		<pubDate>Wed, 25 Jan 2012 23:01:51 +0000</pubDate>
		<dc:creator>admin</dc:creator>
		<guid isPermaLink="false">http://localhost/dw_wp_sites/?p=133</guid>
		<description></description>
		<content:encoded><![CDATA[ ]]></content:encoded>
		<excerpt:encoded><![CDATA[]]></excerpt:encoded>
		<wp:post_id>133</wp:post_id>
		<wp:post_date>2012-01-25 23:01:51</wp:post_date>
		<wp:post_date_gmt>2012-01-25 23:01:51</wp:post_date_gmt>
		<wp:comment_status>open</wp:comment_status>
		<wp:ping_status>open</wp:ping_status>
		<wp:post_name>133</wp:post_name>
		<wp:status>publish</wp:status>
		<wp:post_parent>0</wp:post_parent>
		<wp:menu_order>1</wp:menu_order>
		<wp:post_type>nav_menu_item</wp:post_type>
		<wp:post_password></wp:post_password>
		<wp:is_sticky>0</wp:is_sticky>
		<category domain="nav_menu" nicename="explorers"><![CDATA[Explorers]]></category>
		<wp:postmeta>
			<wp:meta_key>_menu_item_type</wp:meta_key>
			<wp:meta_value><![CDATA[post_type]]></wp:meta_value>
		</wp:postmeta>
		<wp:postmeta>
			<wp:meta_key>_menu_item_menu_item_parent</wp:meta_key>
			<wp:meta_value><![CDATA[0]]></wp:meta_value>
		</wp:postmeta>
		<wp:postmeta>
			<wp:meta_key>_menu_item_object_id</wp:meta_key>
			<wp:meta_value><![CDATA[126]]></wp:meta_value>
		</wp:postmeta>
		<wp:postmeta>
			<wp:meta_key>_menu_item_object</wp:meta_key>
			<wp:meta_value><![CDATA[page]]></wp:meta_value>
		</wp:postmeta>
		<wp:postmeta>
			<wp:meta_key>_menu_item_target</wp:meta_key>
			<wp:meta_value><![CDATA[]]></wp:meta_value>
		</wp:postmeta>
		<wp:postmeta>
			<wp:meta_key>_menu_item_classes</wp:meta_key>
			<wp:meta_value><![CDATA[a:1:{i:0;s:0:"";}]]></wp:meta_value>
		</wp:postmeta>
		<wp:postmeta>
			<wp:meta_key>_menu_item_xfn</wp:meta_key>
			<wp:meta_value><![CDATA[]]></wp:meta_value>
		</wp:postmeta>
		<wp:postmeta>
			<wp:meta_key>_menu_item_url</wp:meta_key>
			<wp:meta_value><![CDATA[]]></wp:meta_value>
		</wp:postmeta>
	</item>
	<item>
		<title>Hello world!</title>
		<link>http://localhost/dw_wp_sites/?p=1</link>
		<pubDate>Wed, 25 Jan 2012 19:00:55 +0000</pubDate>
		<dc:creator>admin</dc:creator>
		<guid isPermaLink="false">http://localhost/dw_wp_sites/?p=1</guid>
		<description></description>
		<content:encoded><![CDATA[Welcome to WordPress. This is your first post. Edit or delete it, then start blogging!]]></content:encoded>
		<excerpt:encoded><![CDATA[]]></excerpt:encoded>
		<wp:post_id>1</wp:post_id>
		<wp:post_date>2012-01-25 19:00:55</wp:post_date>
		<wp:post_date_gmt>2012-01-25 19:00:55</wp:post_date_gmt>
		<wp:comment_status>open</wp:comment_status>
		<wp:ping_status>open</wp:ping_status>
		<wp:post_name>hello-world</wp:post_name>
		<wp:status>trash</wp:status>
		<wp:post_parent>0</wp:post_parent>
		<wp:menu_order>0</wp:menu_order>
		<wp:post_type>post</wp:post_type>
		<wp:post_password></wp:post_password>
		<wp:is_sticky>0</wp:is_sticky>
		<category domain="category" nicename="uncategorized"><![CDATA[Uncategorized]]></category>
		<wp:postmeta>
			<wp:meta_key>_wp_trash_meta_status</wp:meta_key>
			<wp:meta_value><![CDATA[publish]]></wp:meta_value>
		</wp:postmeta>
		<wp:postmeta>
			<wp:meta_key>_wp_trash_meta_time</wp:meta_key>
			<wp:meta_value><![CDATA[1327518656]]></wp:meta_value>
		</wp:postmeta>
		<wp:postmeta>
			<wp:meta_key>_wp_trash_meta_comments_status</wp:meta_key>
			<wp:meta_value><![CDATA[a:1:{i:1;s:1:"1";}]]></wp:meta_value>
		</wp:postmeta>
		<wp:comment>
			<wp:comment_id>1</wp:comment_id>
			<wp:comment_author><![CDATA[Mr WordPress]]></wp:comment_author>
			<wp:comment_author_email></wp:comment_author_email>
			<wp:comment_author_url>http://wordpress.org/</wp:comment_author_url>
			<wp:comment_author_IP></wp:comment_author_IP>
			<wp:comment_date>2012-01-25 19:00:55</wp:comment_date>
			<wp:comment_date_gmt>2012-01-25 19:00:55</wp:comment_date_gmt>
			<wp:comment_content><![CDATA[Hi, this is a comment.<br />To delete a comment, just log in and view the post&#039;s comments. There you will have the option to edit or delete them.]]></wp:comment_content>
			<wp:comment_approved>post-trashed</wp:comment_approved>
			<wp:comment_type></wp:comment_type>
			<wp:comment_parent>0</wp:comment_parent>
			<wp:comment_user_id>0</wp:comment_user_id>
		</wp:comment>
	</item>
	<item>
		<title>Sample Page</title>
		<link>http://localhost/dw_wp_sites/?page_id=2</link>
		<pubDate>Wed, 25 Jan 2012 19:00:55 +0000</pubDate>
		<dc:creator>admin</dc:creator>
		<guid isPermaLink="false">http://localhost/dw_wp_sites/?page_id=2</guid>
		<description></description>
		<content:encoded><![CDATA[This is an example page. It's different from a blog post because it will stay in one place and will show up in your site navigation (in most themes). Most people start with an About page that introduces them to potential site visitors. It might say something like this:

<blockquote>Hi there! I'm a bike messenger by day, aspiring actor by night, and this is my blog. I live in Los Angeles, have a great dog named Jack, and I like pi&#241;a coladas. (And gettin' caught in the rain.)</blockquote>

...or something like this:

<blockquote>The XYZ Doohickey Company was founded in 1971, and has been providing quality doohickies to the public ever since. Located in Gotham City, XYZ employs over 2,000 people and does all kinds of awesome things for the Gotham community.</blockquote>

As a new WordPress user, you should go to <a href="http://localhost/dw_wp_sites/wp-admin/">your dashboard</a> to delete this page and create new pages for your content. Have fun!]]></content:encoded>
		<excerpt:encoded><![CDATA[]]></excerpt:encoded>
		<wp:post_id>2</wp:post_id>
		<wp:post_date>2012-01-25 19:00:55</wp:post_date>
		<wp:post_date_gmt>2012-01-25 19:00:55</wp:post_date_gmt>
		<wp:comment_status>open</wp:comment_status>
		<wp:ping_status>open</wp:ping_status>
		<wp:post_name>sample-page</wp:post_name>
		<wp:status>trash</wp:status>
		<wp:post_parent>0</wp:post_parent>
		<wp:menu_order>0</wp:menu_order>
		<wp:post_type>page</wp:post_type>
		<wp:post_password></wp:post_password>
		<wp:is_sticky>0</wp:is_sticky>
		<wp:postmeta>
			<wp:meta_key>_wp_page_template</wp:meta_key>
			<wp:meta_value><![CDATA[default]]></wp:meta_value>
		</wp:postmeta>
		<wp:postmeta>
			<wp:meta_key>_wp_trash_meta_status</wp:meta_key>
			<wp:meta_value><![CDATA[publish]]></wp:meta_value>
		</wp:postmeta>
		<wp:postmeta>
			<wp:meta_key>_wp_trash_meta_time</wp:meta_key>
			<wp:meta_value><![CDATA[1327518666]]></wp:meta_value>
		</wp:postmeta>
	</item>
	<item>
		<title>Hello world!</title>
		<link>http://localhost/dw_wp_sites/?p=5</link>
		<pubDate>Tue, 24 Jan 2012 22:54:33 +0000</pubDate>
		<dc:creator>admin</dc:creator>
		<guid isPermaLink="false">http://localhost/DW_WP_Sites/?p=1</guid>
		<description></description>
		<content:encoded><![CDATA[Welcome to WordPress. This is your first post. Edit or delete it, then start blogging!]]></content:encoded>
		<excerpt:encoded><![CDATA[]]></excerpt:encoded>
		<wp:post_id>5</wp:post_id>
		<wp:post_date>2012-01-24 22:54:33</wp:post_date>
		<wp:post_date_gmt>2012-01-24 22:54:33</wp:post_date_gmt>
		<wp:comment_status>open</wp:comment_status>
		<wp:ping_status>open</wp:ping_status>
		<wp:post_name>hello-world-2</wp:post_name>
		<wp:status>trash</wp:status>
		<wp:post_parent>0</wp:post_parent>
		<wp:menu_order>0</wp:menu_order>
		<wp:post_type>post</wp:post_type>
		<wp:post_password></wp:post_password>
		<wp:is_sticky>0</wp:is_sticky>
		<category domain="category" nicename="uncategorized"><![CDATA[Uncategorized]]></category>
		<wp:postmeta>
			<wp:meta_key>_wp_trash_meta_status</wp:meta_key>
			<wp:meta_value><![CDATA[publish]]></wp:meta_value>
		</wp:postmeta>
		<wp:postmeta>
			<wp:meta_key>_wp_trash_meta_time</wp:meta_key>
			<wp:meta_value><![CDATA[1327516295]]></wp:meta_value>
		</wp:postmeta>
		<wp:postmeta>
			<wp:meta_key>_wp_trash_meta_comments_status</wp:meta_key>
			<wp:meta_value><![CDATA[a:1:{i:1;s:1:"1";}]]></wp:meta_value>
		</wp:postmeta>
		<wp:comment>
			<wp:comment_id>2</wp:comment_id>
			<wp:comment_author><![CDATA[Mr WordPress]]></wp:comment_author>
			<wp:comment_author_email></wp:comment_author_email>
			<wp:comment_author_url>http://wordpress.org/</wp:comment_author_url>
			<wp:comment_author_IP></wp:comment_author_IP>
			<wp:comment_date>2012-01-24 22:54:33</wp:comment_date>
			<wp:comment_date_gmt>2012-01-24 22:54:33</wp:comment_date_gmt>
			<wp:comment_content><![CDATA[Hi, this is a comment.<br />To delete a comment, just log in and view the post&#039;s comments. There you will have the option to edit or delete them.]]></wp:comment_content>
			<wp:comment_approved>post-trashed</wp:comment_approved>
			<wp:comment_type></wp:comment_type>
			<wp:comment_parent>0</wp:comment_parent>
			<wp:comment_user_id>0</wp:comment_user_id>
		</wp:comment>
	</item>
	<item>
		<title>Auto Draft</title>
		<link>http://localhost/dw_wp_sites/?p=8</link>
		<pubDate>Tue, 24 Jan 2012 23:40:55 +0000</pubDate>
		<dc:creator>admin</dc:creator>
		<guid isPermaLink="false">http://localhost/DW_WP_Sites/?p=8</guid>
		<description></description>
		<content:encoded><![CDATA[]]></content:encoded>
		<excerpt:encoded><![CDATA[]]></excerpt:encoded>
		<wp:post_id>8</wp:post_id>
		<wp:post_date>2012-01-24 23:40:55</wp:post_date>
		<wp:post_date_gmt>2012-01-24 23:40:55</wp:post_date_gmt>
		<wp:comment_status>open</wp:comment_status>
		<wp:ping_status>open</wp:ping_status>
		<wp:post_name>auto-draft</wp:post_name>
		<wp:status>trash</wp:status>
		<wp:post_parent>0</wp:post_parent>
		<wp:menu_order>0</wp:menu_order>
		<wp:post_type>post</wp:post_type>
		<wp:post_password></wp:post_password>
		<wp:is_sticky>0</wp:is_sticky>
		<category domain="category" nicename="uncategorized"><![CDATA[Uncategorized]]></category>
		<wp:postmeta>
			<wp:meta_key>_wp_trash_meta_status</wp:meta_key>
			<wp:meta_value><![CDATA[auto-draft]]></wp:meta_value>
		</wp:postmeta>
		<wp:postmeta>
			<wp:meta_key>_wp_trash_meta_time</wp:meta_key>
			<wp:meta_value><![CDATA[1327514021]]></wp:meta_value>
		</wp:postmeta>
	</item>
	<item>
		<title>Second post</title>
		<link>http://localhost/dw_wp_sites/?p=14</link>
		<pubDate>Tue, 08 Nov 2011 18:26:44 +0000</pubDate>
		<dc:creator>admin</dc:creator>
		<guid isPermaLink="false">http://localhost/dw_wp_sites/?p=14</guid>
		<description></description>
		<content:encoded><![CDATA[Mars too is great.]]></content:encoded>
		<excerpt:encoded><![CDATA[]]></excerpt:encoded>
		<wp:post_id>14</wp:post_id>
		<wp:post_date>2011-11-08 18:26:44</wp:post_date>
		<wp:post_date_gmt>2011-11-08 18:26:44</wp:post_date_gmt>
		<wp:comment_status>open</wp:comment_status>
		<wp:ping_status>open</wp:ping_status>
		<wp:post_name>second-post</wp:post_name>
		<wp:status>trash</wp:status>
		<wp:post_parent>0</wp:post_parent>
		<wp:menu_order>0</wp:menu_order>
		<wp:post_type>post</wp:post_type>
		<wp:post_password></wp:post_password>
		<wp:is_sticky>0</wp:is_sticky>
		<category domain="category" nicename="uncategorized"><![CDATA[Uncategorized]]></category>
		<wp:postmeta>
			<wp:meta_key>_edit_last</wp:meta_key>
			<wp:meta_value><![CDATA[1]]></wp:meta_value>
		</wp:postmeta>
		<wp:postmeta>
			<wp:meta_key>_wp_trash_meta_status</wp:meta_key>
			<wp:meta_value><![CDATA[publish]]></wp:meta_value>
		</wp:postmeta>
		<wp:postmeta>
			<wp:meta_key>_wp_trash_meta_time</wp:meta_key>
			<wp:meta_value><![CDATA[1327516291]]></wp:meta_value>
		</wp:postmeta>
	</item>
	<item>
		<title>Saturn Ring Organizer</title>
		<link>http://localhost/dw_wp_sites/?p=39</link>
		<pubDate>Mon, 28 Nov 2011 18:03:02 +0000</pubDate>
		<dc:creator>admin</dc:creator>
		<guid isPermaLink="false">http://localhost/dw_wp_sites/?p=39</guid>
		<description></description>
		<content:encoded><![CDATA[There's plenty of work for a Saturn ring organizer! Lorem ipsum dolor sit amet, consectetur adipiscing elit. Nullam quis lorem nec tortor pulvinar consectetur. Vestibulum rhoncus fringilla dui quis accumsan. Duis lobortis lacus in sapien vehicula id vehicula lorem blandit. Nunc orci quam, congue et mollis at, elementum ut leo. Duis eget luctus neque. Cras pharetra egestas sapien, sit amet laoreet nisl blandit eget. Mauris id magna leo. Quisque a magna enim, sed molestie leo.
<div id="lipsum">

Phasellus pellentesque pretium massa, et tempus massa facilisis in. Nunc dignissim mattis nulla, non convallis sem auctor ac. Nullam vulputate lacinia convallis. Fusce nec ante ac enim consequat ullamcorper eget varius ante. Nam nec sapien neque, vitae aliquam mauris. Sed tincidunt lorem quis dolor venenatis viverra. Praesent ac eros ut erat malesuada interdum ut sed purus. In imperdiet laoreet ligula venenatis gravida. Nunc dignissim odio commodo nibh commodo a fringilla arcu convallis. Vestibulum neque neque, consectetur id rhoncus tincidunt, hendrerit vehicula arcu. Fusce ac risus sapien, ut imperdiet velit.

Aliquam odio velit, elementum at dictum eu, dapibus quis arcu. Donec sit amet elementum ipsum. Sed rutrum feugiat orci, ac suscipit dui consectetur quis. Nullam eu turpis non leo placerat bibendum. Fusce hendrerit faucibus ligula, at dapibus sapien cursus vitae. Donec ut urna ac sapien semper facilisis. Nunc eu lobortis nulla. Pellentesque id nisl lacus. Maecenas quis posuere nulla. Phasellus ullamcorper imperdiet lacus, at congue sem lacinia non.

</div>]]></content:encoded>
		<excerpt:encoded><![CDATA[]]></excerpt:encoded>
		<wp:post_id>39</wp:post_id>
		<wp:post_date>2011-11-28 18:03:02</wp:post_date>
		<wp:post_date_gmt>2011-11-28 18:03:02</wp:post_date_gmt>
		<wp:comment_status>open</wp:comment_status>
		<wp:ping_status>open</wp:ping_status>
		<wp:post_name>saturn-ring-organizer</wp:post_name>
		<wp:status>trash</wp:status>
		<wp:post_parent>0</wp:post_parent>
		<wp:menu_order>0</wp:menu_order>
		<wp:post_type>post</wp:post_type>
		<wp:post_password></wp:post_password>
		<wp:is_sticky>0</wp:is_sticky>
		<category domain="category" nicename="uncategorized"><![CDATA[Uncategorized]]></category>
		<wp:postmeta>
			<wp:meta_key>_edit_last</wp:meta_key>
			<wp:meta_value><![CDATA[1]]></wp:meta_value>
		</wp:postmeta>
		<wp:postmeta>
			<wp:meta_key>_wp_trash_meta_status</wp:meta_key>
			<wp:meta_value><![CDATA[publish]]></wp:meta_value>
		</wp:postmeta>
		<wp:postmeta>
			<wp:meta_key>_wp_trash_meta_time</wp:meta_key>
			<wp:meta_value><![CDATA[1327514277]]></wp:meta_value>
		</wp:postmeta>
	</item>
	<item>
		<title>Mars is Open for Business!</title>
		<link>http://localhost/dw_wp_sites/?p=55</link>
		<pubDate>Mon, 07 Nov 2011 18:34:21 +0000</pubDate>
		<dc:creator>admin</dc:creator>
		<guid isPermaLink="false">http://localhost/dw_wp_sites/?p=5</guid>
		<description></description>
		<content:encoded><![CDATA[<img class="alignright size-full wp-image-6" title="Mars" src="http://localhost/dw_wp_sites/wp-content/uploads/2011/11/mars.jpg" alt="" width="200" height="200" />Our Mars portal is <em><strong>now</strong></em> accepting flights! Sed ut perspiciatis unde omnis iste natus error sit voluptatem accusantium doloremque laudantium. Visit the Red Planet! Totam rem aperiam, eaque ipsa quae ab illo inventore veritatis et quasi architecto beatae vitae dicta sunt explicabo. Nemo enim ipsam voluptatem quia voluptas sit aspernatur aut odit aut fugit, sed quia consequuntur magni dolores eos qui ratione voluptatem sequi nesciunt. Neque porro quisquam est, qui dolorem ipsum quia dolor sit amet, consectetur, adipisci velit, sed quia non numquam eius modi tempora incidunt ut labore et dolore magnam aliquam quaerat voluptatem. Ut enim ad minima veniam, quis nostrum exercitationem ullam corporis suscipit laboriosam, nisi ut aliquid ex ea commodi consequatur? See detailed info on <a href="index.php?page_id=75&id=4">Mars</a>.

Quis autem vel eum iure reprehenderit qui in ea voluptate velit esse quam nihil molestiae consequatur, vel illum qui dolorem eum fugiat quo voluptas nulla pariatur?Sed ut perspiciatis unde omnis iste natus error sit voluptatem accusantium doloremque laudantium, totam rem aperiam, eaque ipsa quae ab illo inventore veritatis et quasi architecto beatae vitae dicta sunt explicabo. Nemo enim ipsam voluptatem quia voluptas sit aspernatur aut odit aut fugit, sed quia consequuntur magni dolores eos qui ratione voluptatem sequi nesciunt. Neque porro quisquam est, qui dolorem ipsum quia dolor sit amet, consectetur, adipisci velit, sed quia non numquam eius modi tempora incidunt ut labore et dolore magnam aliquam quaerat voluptatem. Ut enim ad minima veniam, quis nostrum exercitationem ullam corporis suscipit laboriosam, nisi ut aliquid ex ea commodi consequatur? Quis autem vel eum iure reprehenderit qui in ea voluptate velit esse quam nihil molestiae consequatur, vel illum qui dolorem eum fugiat quo voluptas nulla pariatur!]]></content:encoded>
		<excerpt:encoded><![CDATA[]]></excerpt:encoded>
		<wp:post_id>55</wp:post_id>
		<wp:post_date>2011-11-07 18:34:21</wp:post_date>
		<wp:post_date_gmt>2011-11-07 18:34:21</wp:post_date_gmt>
		<wp:comment_status>open</wp:comment_status>
		<wp:ping_status>open</wp:ping_status>
		<wp:post_name>mars-is-open-for-business</wp:post_name>
		<wp:status>publish</wp:status>
		<wp:post_parent>0</wp:post_parent>
		<wp:menu_order>0</wp:menu_order>
		<wp:post_type>post</wp:post_type>
		<wp:post_password></wp:post_password>
		<wp:is_sticky>0</wp:is_sticky>
		<category domain="category" nicename="uncategorized"><![CDATA[Uncategorized]]></category>
		<wp:postmeta>
			<wp:meta_key>_edit_last</wp:meta_key>
			<wp:meta_value><![CDATA[1]]></wp:meta_value>
		</wp:postmeta>
	</item>
	<item>
		<title>Venus Launch Date</title>
		<link>http://localhost/dw_wp_sites/?p=64</link>
		<pubDate>Mon, 02 Jan 2012 15:15:47 +0000</pubDate>
		<dc:creator>admin</dc:creator>
		<guid isPermaLink="false">http://localhost/dw_wp_sites/?p=64</guid>
		<description></description>
		<content:encoded><![CDATA[<p>Get ready to get warmed up on the hottest planet (well, almost) around: Venus! TPA is proud to announce the launch date for the ultimate tanning cruise. So, pack your bags and lots of sunscreen!</p>
<?php
	$theTarget = mktime(0, 0, 0, 3, 31, 2022) ;
	$today = time();
	$theDiff = $theTarget-$today;
	$theDays = number_format($theDiff/(60*60*24)) ;
	print "<div class='highlight'>Venus tanning sessions start in <strong>$theDays</strong> days</div>";

?>]]></content:encoded>
		<excerpt:encoded><![CDATA[]]></excerpt:encoded>
		<wp:post_id>64</wp:post_id>
		<wp:post_date>2012-01-02 15:15:47</wp:post_date>
		<wp:post_date_gmt>2012-01-02 15:15:47</wp:post_date_gmt>
		<wp:comment_status>open</wp:comment_status>
		<wp:ping_status>open</wp:ping_status>
		<wp:post_name>venus-launch-date</wp:post_name>
		<wp:status>trash</wp:status>
		<wp:post_parent>0</wp:post_parent>
		<wp:menu_order>0</wp:menu_order>
		<wp:post_type>post</wp:post_type>
		<wp:post_password></wp:post_password>
		<wp:is_sticky>0</wp:is_sticky>
		<category domain="category" nicename="uncategorized"><![CDATA[Uncategorized]]></category>
		<wp:postmeta>
			<wp:meta_key>_edit_last</wp:meta_key>
			<wp:meta_value><![CDATA[1]]></wp:meta_value>
		</wp:postmeta>
		<wp:postmeta>
			<wp:meta_key>_wp_trash_meta_status</wp:meta_key>
			<wp:meta_value><![CDATA[publish]]></wp:meta_value>
		</wp:postmeta>
		<wp:postmeta>
			<wp:meta_key>_wp_trash_meta_time</wp:meta_key>
			<wp:meta_value><![CDATA[1327516341]]></wp:meta_value>
		</wp:postmeta>
	</item>
	<item>
		<title>Jupiter&#039;s Got it All</title>
		<link>http://localhost/dw_wp_sites/?p=90</link>
		<pubDate>Wed, 25 Jan 2012 18:36:23 +0000</pubDate>
		<dc:creator>admin</dc:creator>
		<guid isPermaLink="false">http://localhost/DW_WP_Sites/?p=90</guid>
		<description></description>
		<content:encoded><![CDATA[There's no denying it: Jupiter is big and bold and has it all. Nulla facilisi. Nunc ligula urna, rutrum sed pharetra ac, laoreet non tortor. Curabitur feugiat urna eget massa sagittis et lacinia turpis condimentum. Cras nisi enim, ultricies sit amet aliquet in, semper cursus libero. Sed a mollis lacus. Nunc eget orci purus, sed vulputate nisi. Etiam malesuada mauris nec nibh porta dictum. Phasellus augue dolor, convallis ac dapibus ullamcorper, adipiscing sed enim. Aliquam commodo dictum lacus et ullamcorper. Aliquam lacus dolor, aliquet a commodo vel, ultricies a dolor. Suspendisse dignissim feugiat lacus, et ultricies ligula posuere ut. Nulla ac est ut ipsum molestie ultrices.
<div id="lipsum">

<img class="size-full wp-image-91 alignleft" title="Jupiter" src="http://localhost/DW_WP_Sites/wp-content/uploads/2012/01/jupiter.jpg" alt="" width="200" height="200" />In fermentum pretium felis, et fringilla neque sollicitudin eget. Fusce fringilla massa sit amet lacus luctus ut blandit magna tincidunt. Donec sed erat ac eros auctor elementum. Praesent et eros diam, eu eleifend urna. Nam at tellus sit amet enim commodo faucibus sit amet eu magna. Pellentesque pharetra, eros et elementum interdum, lorem augue pretium purus, quis sollicitudin mauris elit eget risus. Nam faucibus congue mattis. Integer ac sem lorem. Vestibulum arcu quam, euismod vel vestibulum eget, dapibus eu magna. Vivamus quam velit, luctus at suscipit vehicula, suscipit nec est. Sed nibh justo, varius quis commodo nec, aliquam ac eros. Cras tincidunt porta feugiat. Ut nec augue vel dui aliquet viverra sit amet id massa. Class aptent taciti sociosqu ad litora torquent per conubia nostra, per inceptos himenaeos. Mauris rhoncus, mi et fermentum euismod, ipsum nisi tempus nibh, vel varius ipsum nulla nec erat. Fusce tempus fringilla tempus.

Nunc arcu mauris, pulvinar vitae rhoncus congue, sagittis id nisi. Ut ut augue lorem, a pellentesque magna. Maecenas vel magna justo. Fusce adipiscing pellentesque pharetra. Class aptent taciti sociosqu ad litora torquent per conubia nostra, per inceptos himenaeos. Morbi tempor ullamcorper erat ut imperdiet. Ut at ligula ut eros fringilla vulputate. Nulla eget dolor felis, nec accumsan orci. Sed dignissim dictum tristique. Nam non adipiscing metus.

</div>]]></content:encoded>
		<excerpt:encoded><![CDATA[]]></excerpt:encoded>
		<wp:post_id>90</wp:post_id>
		<wp:post_date>2012-01-25 18:36:23</wp:post_date>
		<wp:post_date_gmt>2012-01-25 18:36:23</wp:post_date_gmt>
		<wp:comment_status>open</wp:comment_status>
		<wp:ping_status>open</wp:ping_status>
		<wp:post_name>saturn-rings-ice-rink-soars</wp:post_name>
		<wp:status>publish</wp:status>
		<wp:post_parent>0</wp:post_parent>
		<wp:menu_order>0</wp:menu_order>
		<wp:post_type>post</wp:post_type>
		<wp:post_password></wp:post_password>
		<wp:is_sticky>0</wp:is_sticky>
		<category domain="category" nicename="uncategorized"><![CDATA[Uncategorized]]></category>
		<wp:postmeta>
			<wp:meta_key>_edit_last</wp:meta_key>
			<wp:meta_value><![CDATA[1]]></wp:meta_value>
		</wp:postmeta>
	</item>
	<item>
		<title>Temp page</title>
		<link>http://localhost/dw_wp_sites/?page_id=101</link>
		<pubDate>Wed, 25 Jan 2012 21:32:02 +0000</pubDate>
		<dc:creator>admin</dc:creator>
		<guid isPermaLink="false">http://localhost/dw_wp_sites/?page_id=101</guid>
		<description></description>
		<content:encoded><![CDATA[Lorem ipsum dolor sit amet, consectetur adipiscing elit. Sed quam arcu, feugiat a vulputate at, lacinia at mi. Etiam auctor, augue rutrum dapibus venenatis, lorem eros condimentum risus, nec commodo sapien magna ac massa. Ut imperdiet nisl non mi ultricies mattis pharetra enim rhoncus. Nam tempus, nibh nec pretium imperdiet, elit massa scelerisque augue, eget consequat lectus massa a tellus. Quisque tempor mi id urna sollicitudin in scelerisque mauris pretium. Suspendisse malesuada dolor ac lorem varius ornare. Phasellus luctus vestibulum rutrum.

Sed pharetra condimentum lacus, facilisis luctus metus ornare vel. Proin hendrerit quam eget nisi placerat vehicula. Ut et sapien at mi tincidunt lobortis. Pellentesque eleifend ligula nec tellus mollis non viverra libero auctor. Pellentesque id tellus sapien. Mauris commodo laoreet velit quis vestibulum. Cras sagittis diam eu ipsum hendrerit interdum sagittis nibh eleifend. Pellentesque euismod adipiscing arcu ac commodo. Nulla eget elit arcu. Nulla nec ligula ligula, ac congue libero.

Mauris quis est vel velit iaculis commodo. Morbi quis volutpat nulla. In hac habitasse platea dictumst. Sed nec feugiat nisl. Duis nec ante at mi feugiat blandit. Nam sagittis gravida magna, non luctus sapien eleifend non. Sed non ipsum eros, a dapibus lorem. Quisque sit amet dolor at nibh faucibus pretium at vel augue. Integer ullamcorper varius consectetur. Integer id faucibus ipsum. Pellentesque nec ligula ac enim pharetra varius pellentesque id mauris. Aliquam tincidunt, orci in laoreet egestas, nunc purus eleifend magna, et faucibus risus eros non felis. Sed fermentum aliquam adipiscing. Vestibulum faucibus lectus ac elit fringilla tincidunt.]]></content:encoded>
		<excerpt:encoded><![CDATA[]]></excerpt:encoded>
		<wp:post_id>101</wp:post_id>
		<wp:post_date>2012-01-25 21:32:02</wp:post_date>
		<wp:post_date_gmt>2012-01-25 21:32:02</wp:post_date_gmt>
		<wp:comment_status>open</wp:comment_status>
		<wp:ping_status>open</wp:ping_status>
		<wp:post_name>temp-page</wp:post_name>
		<wp:status>trash</wp:status>
		<wp:post_parent>0</wp:post_parent>
		<wp:menu_order>0</wp:menu_order>
		<wp:post_type>page</wp:post_type>
		<wp:post_password></wp:post_password>
		<wp:is_sticky>0</wp:is_sticky>
		<wp:postmeta>
			<wp:meta_key>_edit_last</wp:meta_key>
			<wp:meta_value><![CDATA[1]]></wp:meta_value>
		</wp:postmeta>
		<wp:postmeta>
			<wp:meta_key>_wp_page_template</wp:meta_key>
			<wp:meta_value><![CDATA[working_future.php]]></wp:meta_value>
		</wp:postmeta>
		<wp:postmeta>
			<wp:meta_key>_wp_trash_meta_status</wp:meta_key>
			<wp:meta_value><![CDATA[publish]]></wp:meta_value>
		</wp:postmeta>
		<wp:postmeta>
			<wp:meta_key>_wp_trash_meta_time</wp:meta_key>
			<wp:meta_value><![CDATA[1327527137]]></wp:meta_value>
		</wp:postmeta>
	</item>
	<item>
		<title>Saturn Ring Organizer</title>
		<link>http://localhost/dw_wp_sites/?p=104</link>
		<pubDate>Wed, 25 Jan 2012 21:41:36 +0000</pubDate>
		<dc:creator>admin</dc:creator>
		<guid isPermaLink="false">http://localhost/dw_wp_sites/?p=104</guid>
		<description></description>
		<content:encoded><![CDATA[There's plenty of work for a Saturn ring organizer.
<div id="lipsum">

Lorem ipsum dolor sit amet, consectetur adipiscing elit. Sed quam arcu, feugiat a vulputate at, lacinia at mi. Etiam auctor, augue rutrum dapibus venenatis, lorem eros condimentum risus, nec commodo sapien magna ac massa. Ut imperdiet nisl non mi ultricies mattis pharetra enim rhoncus. Nam tempus, nibh nec pretium imperdiet, elit massa scelerisque augue, eget consequat lectus massa a tellus. Quisque tempor mi id urna sollicitudin in scelerisque mauris pretium. Suspendisse malesuada dolor ac lorem varius ornare. Phasellus luctus vestibulum rutrum.

Sed pharetra condimentum lacus, facilisis luctus metus ornare vel. Proin hendrerit quam eget nisi placerat vehicula. Ut et sapien at mi tincidunt lobortis. Pellentesque eleifend ligula nec tellus mollis non viverra libero auctor. Pellentesque id tellus sapien. Mauris commodo laoreet velit quis vestibulum. Cras sagittis diam eu ipsum hendrerit interdum sagittis nibh eleifend. Pellentesque euismod adipiscing arcu ac commodo. Nulla eget elit arcu. Nulla nec ligula ligula, ac congue libero.

Mauris quis est vel velit iaculis commodo. Morbi quis volutpat nulla. In hac habitasse platea dictumst. Sed nec feugiat nisl. Duis nec ante at mi feugiat blandit. Nam sagittis gravida magna, non luctus sapien eleifend non. Sed non ipsum eros, a dapibus lorem. Quisque sit amet dolor at nibh faucibus pretium at vel augue. Integer ullamcorper varius consectetur. Integer id faucibus ipsum. Pellentesque nec ligula ac enim pharetra varius pellentesque id mauris. Aliquam tincidunt, orci in laoreet egestas, nunc purus eleifend magna, et faucibus risus eros non felis. Sed fermentum aliquam adipiscing. Vestibulum faucibus lectus ac elit fringilla tincidunt.

Vivamus vulputate lobortis ipsum, viverra volutpat libero pharetra eget. Integer et turpis ut dolor pulvinar vulputate vitae et felis. Etiam eu sagittis elit. In laoreet rutrum ante non laoreet. Aliquam sit amet urna tristique metus dapibus pharetra vel eu dui. Nulla ultricies lobortis accumsan. Vestibulum convallis rutrum sapien in ullamcorper. Morbi ipsum nibh, auctor id auctor et, vulputate ac dolor. Nam sed metus eu nibh accumsan fermentum. Nulla nisl odio, venenatis non blandit nec, dignissim ut velit. Etiam euismod cursus fringilla. Vivamus luctus dictum dapibus. Curabitur vitae dolor quam, eget tristique risus. Donec a mauris id ante placerat semper. Sed gravida scelerisque ipsum, in ullamcorper nunc faucibus vitae. Aliquam vitae quam ac magna aliquet blandit eget id leo.

Mauris quis dui eu nisi suscipit euismod ut in dolor. Nam euismod metus ac nisi ultrices tristique. Duis gravida lorem id arcu lobortis ut aliquet ante fringilla. Aenean a arcu nulla, eu consectetur est. Phasellus iaculis hendrerit lorem, quis facilisis dui rhoncus eu. Pellentesque posuere imperdiet velit, luctus viverra nulla aliquam quis. Phasellus hendrerit massa in lectus laoreet ac aliquam turpis mattis. Phasellus erat nunc, vulputate id posuere blandit, vestibulum non eros. Pellentesque malesuada elementum sodales. Curabitur et sodales magna. Maecenas imperdiet sagittis congue. Donec ut cursus urna. Phasellus mollis, erat non tempus imperdiet, lorem diam consectetur quam, sit amet pharetra tellus velit at lacus. Nunc dictum nisl non ipsum vestibulum sit amet sollicitudin dui eleifend.

</div>]]></content:encoded>
		<excerpt:encoded><![CDATA[]]></excerpt:encoded>
		<wp:post_id>104</wp:post_id>
		<wp:post_date>2012-01-25 21:41:36</wp:post_date>
		<wp:post_date_gmt>2012-01-25 21:41:36</wp:post_date_gmt>
		<wp:comment_status>open</wp:comment_status>
		<wp:ping_status>open</wp:ping_status>
		<wp:post_name>saturn-ring-organizer-2</wp:post_name>
		<wp:status>publish</wp:status>
		<wp:post_parent>0</wp:post_parent>
		<wp:menu_order>0</wp:menu_order>
		<wp:post_type>post</wp:post_type>
		<wp:post_password></wp:post_password>
		<wp:is_sticky>0</wp:is_sticky>
		<category domain="category" nicename="working-the-future"><![CDATA[Working the future]]></category>
		<wp:postmeta>
			<wp:meta_key>_edit_last</wp:meta_key>
			<wp:meta_value><![CDATA[1]]></wp:meta_value>
		</wp:postmeta>
	</item>
	<item>
		<title>Welcome</title>
		<link>http://localhost/dw_wp_sites/?page_id=113</link>
		<pubDate>Wed, 25 Jan 2012 21:59:29 +0000</pubDate>
		<dc:creator>admin</dc:creator>
		<guid isPermaLink="false">http://localhost/dw_wp_sites/?page_id=113</guid>
		<description></description>
		<content:encoded><![CDATA[Welcome to TPA Explorers, where your space miles go further.]]></content:encoded>
		<excerpt:encoded><![CDATA[]]></excerpt:encoded>
		<wp:post_id>113</wp:post_id>
		<wp:post_date>2012-01-25 21:59:29</wp:post_date>
		<wp:post_date_gmt>2012-01-25 21:59:29</wp:post_date_gmt>
		<wp:comment_status>open</wp:comment_status>
		<wp:ping_status>open</wp:ping_status>
		<wp:post_name>welcome</wp:post_name>
		<wp:status>trash</wp:status>
		<wp:post_parent>0</wp:post_parent>
		<wp:menu_order>0</wp:menu_order>
		<wp:post_type>page</wp:post_type>
		<wp:post_password></wp:post_password>
		<wp:is_sticky>0</wp:is_sticky>
		<wp:postmeta>
			<wp:meta_key>_edit_last</wp:meta_key>
			<wp:meta_value><![CDATA[1]]></wp:meta_value>
		</wp:postmeta>
		<wp:postmeta>
			<wp:meta_key>_wp_page_template</wp:meta_key>
			<wp:meta_value><![CDATA[index.php]]></wp:meta_value>
		</wp:postmeta>
		<wp:postmeta>
			<wp:meta_key>_wp_trash_meta_status</wp:meta_key>
			<wp:meta_value><![CDATA[publish]]></wp:meta_value>
		</wp:postmeta>
		<wp:postmeta>
			<wp:meta_key>_wp_trash_meta_time</wp:meta_key>
			<wp:meta_value><![CDATA[1327529149]]></wp:meta_value>
		</wp:postmeta>
	</item>
	<item>
		<title>Welcome</title>
		<link>http://localhost/dw_wp_sites/?page_id=122</link>
		<pubDate>Wed, 25 Jan 2012 22:10:00 +0000</pubDate>
		<dc:creator>admin</dc:creator>
		<guid isPermaLink="false">http://localhost/dw_wp_sites/?page_id=122</guid>
		<description></description>
		<content:encoded><![CDATA[Welcome to TPA Explorers, where your space miles go further.]]></content:encoded>
		<excerpt:encoded><![CDATA[]]></excerpt:encoded>
		<wp:post_id>122</wp:post_id>
		<wp:post_date>2012-01-25 22:10:00</wp:post_date>
		<wp:post_date_gmt>2012-01-25 22:10:00</wp:post_date_gmt>
		<wp:comment_status>open</wp:comment_status>
		<wp:ping_status>open</wp:ping_status>
		<wp:post_name>welcome-2</wp:post_name>
		<wp:status>trash</wp:status>
		<wp:post_parent>0</wp:post_parent>
		<wp:menu_order>0</wp:menu_order>
		<wp:post_type>page</wp:post_type>
		<wp:post_password></wp:post_password>
		<wp:is_sticky>0</wp:is_sticky>
		<wp:postmeta>
			<wp:meta_key>_edit_last</wp:meta_key>
			<wp:meta_value><![CDATA[1]]></wp:meta_value>
		</wp:postmeta>
		<wp:postmeta>
			<wp:meta_key>_wp_page_template</wp:meta_key>
			<wp:meta_value><![CDATA[explorers.php]]></wp:meta_value>
		</wp:postmeta>
		<wp:postmeta>
			<wp:meta_key>_wp_trash_meta_status</wp:meta_key>
			<wp:meta_value><![CDATA[publish]]></wp:meta_value>
		</wp:postmeta>
		<wp:postmeta>
			<wp:meta_key>_wp_trash_meta_time</wp:meta_key>
			<wp:meta_value><![CDATA[1327529658]]></wp:meta_value>
		</wp:postmeta>
	</item>
</channel>
</rss>
